Job Name,Job Level,Company Name,City,Area,Country,Skills
Teacher Assistant,Senior,"The Ritz-Carlton Hotel Company, L.L.C.",Denpasar,Dangin Puri,Indonesia,"['Assisting', 'Ambitious', 'Problem Solving', 'Teaching']"
Data Science Tutor,Intermediate,Digital Skola,Bekasi,West Java,Indonesia,"['Mandarin', 'Teaching', 'Tutoring']"
International English Teacher,Entry Level,Kodland,Cilacap,Central Java,Indonesia,"['Communication', 'Coaching', 'Mandarin', 'Training Plans']"
school counselor,Entry Level,PT. Koding Next Indonesia,Sangereng,Panunggangan Barat,Indonesia,['Willing to Learn']
French tutor,Intermediate,Rakids Learning Center,Tangerang,Banten,Indonesia,"['Lesson Planning', 'Mandarin', 'Teaching']"
International English Teacher,Senior,Yayasan Elfa Sunna,Depok,Bogor,Indonesia,['Ambitious']
Homeroom Teacher,Intermediate,E-cube,Jepara,Central Java,Indonesia,"['Zoom', 'Training Plans', 'Mandarin']"
Islamic Religion Teacher,Entry Level,Global Jaya International School,Depok,Bogor,Indonesia,"['Ambitious', 'Assisting']"
Private Tutor,Intermediate,One Third Consulting and Abroad,Palembang,South Sumatra,Indonesia,"['Zoom', 'Teaching']"
Primary English Teacher,Senior,Morphoo School,Semarang,Central Java,Indonesia,"['Curriculum Development', 'English']"
homeschooling teacher,Intermediate,PT. Infinite Potensi,Tangerang,Banten,Indonesia,"['Problem Solving', 'Assisting', 'Mentoring']"
Sociology Teacher,Senior,Global Jaya International School,Bandar Lampung,Lampung,Indonesia,"['Team Work', 'Adaptable', 'Training Plans']"
Tutor IELTS (Part-time),Intermediate,The Gandhi Memorial Intercontinental School,Cilacap,Central Java,Indonesia,"['Disciplinaries', 'E-Learning', 'Curriculum Development', 'Exploration']"
homeschooling teacher,Senior,Practicum USA,Jakarta,Java,Indonesia,"['Adaptable', 'Tutoring', 'Teaching']"
Research Assistant - Chinese Speaker,Intermediate,EF English First Batam,Bogor,West Java,Indonesia,"['Lesson Planning', 'Ambitious']"
History & geography Teacher,Intermediate,Yayasan Elfa Sunna,Surabaya,East Java,Indonesia,"['Adaptable', 'English', 'Team Work', 'Exploration']"
Vocal Teacher,Intermediate,Sekolah Citra Kasih,Sumedang,West Java,Indonesia,"['English', 'Training Plans']"
"Scratch Tutor (Coding, Remote, Indonesia)",Intermediate,Oxbridge International School,Bandung,West Java,Indonesia,['Training Plans']
Part Time Tutor,Entry Level,Practicum USA,Makassar,South Sulawesi,Indonesia,"['Lesson Planning', 'Exploration', 'Zoom']"
Japanese and Mandarin Tutor,Entry Level,PT. Koding Next Indonesia,Sumedang,West Java,Indonesia,"['Training Plans', 'Willing to Learn', 'Lesson Planning']"
Music and Vocal Teacher,Entry Level,St. Johannes Berchmans,Bandar Lampung,Lampung,Indonesia,['Exploration']
Sociology Teacher,Entry Level,St. Johannes Berchmans,Semarang,Central Java,Indonesia,"['Adaptable', 'Willing to Learn', 'Disciplinaries']"
Pharmacy Lecturer,Intermediate,LancarBahasa.ID,Bandung,West Java,Indonesia,"['Curriculum Development', 'Mentoring']"
Master Teacher Social Studies,Entry Level,Guardian Jobs,Palembang,South Sumatra,Indonesia,"['Adaptable', 'Zoom', 'Lesson Planning', 'Mentoring']"
Digital Marketing Tutor,Intermediate,EF English First Batam,Bandung,West Java,Indonesia,"['Team Work', 'Exploration', 'Training Plans']"
Christian Religion Teacher,Intermediate,Kodland,Cilacap,Central Java,Indonesia,"['Team Work', 'Tutoring', 'Disciplinaries']"
Elementary IT Teacher,Senior,Concentrix,Jepara,Central Java,Indonesia,"['Mentoring', 'English']"
Visual Arts Teacher,Senior,Marriott,Sumedang,West Java,Indonesia,"['Curriculum Development', 'Team Work', 'Training Plans']"
Chemistry Teacher,Senior,PT. Koding Next Indonesia,Bekasi,West Java,Indonesia,"['Team Work', 'Mentoring', 'Zoom', 'Adaptable']"
Physical Education Teacher,Entry Level,Helpmate course,Cilacap,Central Java,Indonesia,['Zoom']
Master Teacher Mathematics,Entry Level,LancarBahasa.ID,Makassar,South Sulawesi,Indonesia,"['Exploration', 'Teaching']"
International English Teacher,Entry Level,Kodingbean,Jakarta,Java,Indonesia,"['Mentoring', 'Tutoring']"
TIK / Computer Teacher,Senior,LancarBahasa.ID,Semarang,Central Java,Indonesia,"['Exploration', 'E-Learning', 'Training Plans', 'English']"
3D Tutor for CG Fundamentals,Senior,Marriott,Bandung,West Java,Indonesia,"['Curriculum Development', 'Tutoring']"
Elementary IT Teacher,Entry Level,Sekolah Pelita Bangsa,Bogor,West Java,Indonesia,['E-Learning']
Pharmacy Lecturer,Senior,Widya Edutech,Sumedang,West Java,Indonesia,"['Problem Solving', 'Mentoring']"
Tutor Baby Class,Entry Level,SPK My Little Island School,Malang,Kota Malang,Indonesia,"['Exploration', 'Mentoring', 'English']"
Psychology Lecturer,Senior,LancarBahasa.ID,Cilacap,Central Java,Indonesia,"['Exploration', 'Training Plans', 'Ambitious', 'Curriculum Development']"
Python Tutor,Senior,Rakids Learning Center,Medan,North Sumatra,Indonesia,"['Tutoring', 'Exploration', 'E-Learning']"
Teacher Assistant,Entry Level,Lister Education Pte Ltd,Makassar,South Sulawesi,Indonesia,['English']
Science Teacher,Senior,Rakids Learning Center,Palembang,South Sumatra,Indonesia,"['Team Work', 'Coaching', 'Communication']"
Private Tutor,Entry Level,Yayasan Elfa Sunna,Malang,Kota Malang,Indonesia,"['Ambitious', 'English']"
Instructor Trainee,Entry Level,The Champion School,Makassar,South Sulawesi,Indonesia,"['Training Plans', 'Assisting']"
Physical Education Teacher,Intermediate,Lister Education Pte Ltd,Tangerang,Banten,Indonesia,['Exploration']
Primary English Teacher,Intermediate,Widya Edutech,Sumedang,West Java,Indonesia,['Lesson Planning']
Master Teacher Social Studies,Senior,PT. Koding Next Indonesia,Malang,Kota Malang,Indonesia,"['Mentoring', 'Mandarin', 'Coaching']"
Physical Exercise Teacher,Entry Level,Sekolah Pelita Bangsa,Sumedang,West Java,Indonesia,"['Team Work', 'Disciplinaries', 'Mentoring']"
Doctor Professional Education Lecturer,Senior,St. Johannes Berchmans,Makassar,South Sulawesi,Indonesia,"['Assisting', 'E-Learning', 'Mentoring']"
Biology Tutor,Entry Level,The Champion School,Tangerang,Banten,Indonesia,"['Team Work', 'E-Learning', 'Teaching', 'Mentoring']"
Freelance Business English Tutor [Native Speaker],Senior,Newton Education Group,Cilacap,Central Java,Indonesia,"['Disciplinaries', 'Zoom']"
Business Studies & Accounting Teacher,Entry Level,PT Trakindo Utama,Denpasar,Dangin Puri,Indonesia,['Assisting']
Religion Teacher (Buddhist),Entry Level,LingoTalk,Makassar,South Sulawesi,Indonesia,"['Willing to Learn', 'Adaptable']"
Chemistry Teacher,Senior,Tsurayya Indonesia,Denpasar,Dangin Puri,Indonesia,"['Mentoring', 'Problem Solving', 'Curriculum Development', 'Team Work']"
Science Teacher,Senior,BrightCHAMPS,Denpasar,Dangin Puri,Indonesia,"['English', 'Mentoring', 'Ambitious']"
Programming Lecturer,Senior,EF English First Batam,Sumedang,West Java,Indonesia,"['Training Plans', 'Mandarin']"
Sports Teacher,Intermediate,Lister Education Pte Ltd,Depok,Bogor,Indonesia,"['Disciplinaries', 'Coaching']"
Visual Arts Teacher,Entry Level,Sekolah Pelita Bangsa,Depok,Bogor,Indonesia,"['Mentoring', 'Exploration']"
Tutor IELTS (Part-time),Entry Level,PT. Koding Next Indonesia,Depok,Bogor,Indonesia,['Tutoring']
Music and Vocal Teacher,Entry Level,Practicum USA,Malang,Kota Malang,Indonesia,"['Assisting', 'Training Plans']"
International School Private Teacher,Intermediate,LingoTalk,Surabaya,East Java,Indonesia,['Willing to Learn']
International School Private Teacher,Senior,LancarBahasa.ID,Jepara,Central Java,Indonesia,"['Training Plans', 'Communication']"
ICT Teacher,Entry Level,CIE Central International Education,Tangerang,Banten,Indonesia,"['E-Learning', 'Communication']"
Japanese and Mandarin Tutor,Senior,St. Johannes Berchmans,Jepara,Central Java,Indonesia,"['Mandarin', 'Ambitious', 'Curriculum Development', 'Exploration']"
Primary Teacher,Senior,PT. Koding Next Indonesia,Surabaya,East Java,Indonesia,"['Team Work', 'Lesson Planning']"
Science Teacher,Intermediate,Global Jaya International School,Surabaya,East Java,Indonesia,['Willing to Learn']
History Teacher,Entry Level,PT. Koding Next Indonesia,Surabaya,East Java,Indonesia,"['Disciplinaries', 'Training Plans', 'Tutoring']"
Art Teacher,Senior,One Third Consulting and Abroad,Bandung,West Java,Indonesia,"['Communication', 'Exploration', 'Problem Solving', 'Willing to Learn']"
Instructor Trainee,Senior,Kodingbean,Jakarta,Java,Indonesia,"['Curriculum Development', 'Assisting', 'Lesson Planning', 'E-Learning']"
Social Teacher,Entry Level,Schoters,Bandar Lampung,Lampung,Indonesia,"['Mandarin', 'English', 'Willing to Learn', 'Exploration']"
Robotics Teacher/Tutor,Intermediate,SMARTZ.ID,Bogor,West Java,Indonesia,"['Teaching', 'Team Work']"
International School Private Teacher,Senior,Concentrix,Bandar Lampung,Lampung,Indonesia,"['Exploration', 'Curriculum Development', 'Teaching', 'Problem Solving']"
IT Teacher,Intermediate,Guardian Jobs,Medan,North Sumatra,Indonesia,['Communication']
Science Teacher,Senior,Guardian Jobs,Makassar,South Sulawesi,Indonesia,"['E-Learning', 'Willing to Learn', 'Zoom']"
Cambridge Science Teacher,Senior,Schoters,Bekasi,West Java,Indonesia,"['Curriculum Development', 'Zoom', 'E-Learning', 'Exploration']"
Biology Tutor,Intermediate,Kodingbean,Sumedang,West Java,Indonesia,"['Mentoring', 'Zoom', 'Training Plans', 'Communication']"
Art Teacher,Intermediate,Lister Education Pte Ltd,Cilacap,Central Java,Indonesia,"['Assisting', 'Mentoring', 'Mandarin']"
Coding Teacher,Senior,E-cube,Palembang,South Sumatra,Indonesia,"['Lesson Planning', 'Communication', 'Zoom', 'Training Plans']"
Private Tutor,Entry Level,Helpmate course,Tangerang,Banten,Indonesia,"['Mandarin', 'Teaching', 'Problem Solving', 'Adaptable']"
Vocal Teacher,Intermediate,CIE Central International Education,Bandung,West Java,Indonesia,"['Curriculum Development', 'Teaching']"
TIK / Computer Teacher,Intermediate,CIE Central International Education,Medan,North Sumatra,Indonesia,"['Team Work', 'Mandarin', 'Communication', 'Mentoring']"
International School Private Teacher,Entry Level,Schoters,Depok,Bogor,Indonesia,['Zoom']
Japanese and Mandarin Tutor,Entry Level,Rakids Learning Center,Makassar,South Sulawesi,Indonesia,"['Ambitious', 'Communication', 'Problem Solving']"
Visual Arts Teacher,Senior,Digital Skola,Denpasar,Dangin Puri,Indonesia,"['Mentoring', 'Disciplinaries']"
Education Counselor,Entry Level,Marriott,Cilacap,Central Java,Indonesia,"['Ambitious', 'Zoom']"
Elementary IT Teacher,Senior,Practicum USA,Denpasar,Dangin Puri,Indonesia,"['Teaching', 'Tutoring']"
Physical Exercise Teacher,Senior,Rakids Learning Center,Bandung,West Java,Indonesia,"['Zoom', 'Teaching', 'Adaptable']"
Vocal Teacher,Entry Level,Oxbridge International School,Semarang,Central Java,Indonesia,['Problem Solving']
Training,Intermediate,BSI,Tangerang,Banten,Indonesia,"['Tutoring', 'Problem Solving', 'Training Plans']"
Primary English Teacher,Senior,Global Jaya International School,Makassar,South Sulawesi,Indonesia,"['Zoom', 'Disciplinaries', 'Coaching']"
Assistant Teacher,Intermediate,Lister Education Pte Ltd,Palembang,South Sumatra,Indonesia,"['Problem Solving', 'Willing to Learn', 'Coaching']"
Cambridge Science Teacher,Entry Level,Cakap,Makassar,South Sulawesi,Indonesia,"['Communication', 'Exploration', 'Coaching']"
Mathematics Tutor,Entry Level,Schoters,Denpasar,Dangin Puri,Indonesia,"['Team Work', 'Mentoring']"
IT Teacher,Senior,St. Johannes Berchmans,Palembang,South Sumatra,Indonesia,['Tutoring']
Mathematics Tutor,Intermediate,LightHouse Academy,Semarang,Central Java,Indonesia,['Mandarin']
Doctor Professional Education Lecturer,Intermediate,Brain Academy Center,Surabaya,East Java,Indonesia,['Mandarin']
Master Teacher Social Studies,Intermediate,SPK My Little Island School,Surabaya,East Java,Indonesia,"['Mandarin', 'Communication', 'Coaching']"
3D Tutor for CG Fundamentals,Entry Level,PT. Infinite Potensi,Makassar,South Sulawesi,Indonesia,['English']
Freelance Business English Tutor [Native Speaker],Senior,LancarBahasa.ID,Sumedang,West Java,Indonesia,"['Mentoring', 'English', 'Training Plans']"
History & geography Teacher,Intermediate,SMARTZ.ID,Medan,North Sumatra,Indonesia,"['Team Work', 'E-Learning', 'Adaptable', 'Lesson Planning']"
Vocal Teacher,Senior,Helpmate course,Palembang,South Sumatra,Indonesia,"['Problem Solving', 'Willing to Learn', 'Curriculum Development']"
Physical Exercise Teacher,Intermediate,Helpmate course,Makassar,South Sulawesi,Indonesia,"['Adaptable', 'Willing to Learn']"
IT Teacher For Kids,Entry Level,EF English First Batam,Tangerang,Banten,Indonesia,"['Ambitious', 'Disciplinaries', 'Exploration']"
Music Teacher,Intermediate,Digital Skola,Bandar Lampung,Lampung,Indonesia,"['Ambitious', 'E-Learning']"
Freelance Japanese Tutor,Senior,Newton Education Group,Jakarta,Java,Indonesia,"['Willing to Learn', 'Ambitious', 'Curriculum Development', 'Communication']"
Training,Senior,E-cube,Sumedang,West Java,Indonesia,"['Assisting', 'Tutoring']"
Music Teacher,Senior,Sekolah Pelita Bangsa,Denpasar,Dangin Puri,Indonesia,"['Mentoring', 'Lesson Planning', 'Team Work']"
Freelance Business English Tutor [Native Speaker],Entry Level,Sekolah Pelita Bangsa,Jakarta,Java,Indonesia,"['Communication', 'Teaching', 'English', 'Ambitious']"
Homeroom Teacher,Entry Level,Yayasan Citra Berkat,Bogor,West Java,Indonesia,['Willing to Learn']
Research Assistant - Chinese Speaker,Entry Level,CIE Central International Education,Depok,Bogor,Indonesia,['Communication']
Digital Business Lecturer,Intermediate,Helpmate course,Bogor,West Java,Indonesia,"['Curriculum Development', 'Training Plans']"
IT Teacher For Kids,Intermediate,LightHouse Academy,Denpasar,Dangin Puri,Indonesia,"['Willing to Learn', 'Exploration', 'Disciplinaries']"
Tutor Baby Class,Entry Level,PT. Koding Next Indonesia,Palembang,South Sumatra,Indonesia,"['E-Learning', 'Coaching', 'Lesson Planning', 'Zoom']"
Digital Marketing Tutor,Intermediate,Schoters,Jepara,Central Java,Indonesia,"['Communication', 'English', 'Willing to Learn', 'Assisting']"
Visual Arts Teacher,Senior,Sekolah Citra Kasih,Jepara,Central Java,Indonesia,"['Coaching', 'Adaptable', 'English', 'Assisting']"
ICT Teacher,Senior,PT. Infinite Potensi,Bandung,West Java,Indonesia,"['Tutoring', 'Communication', 'Disciplinaries', 'Mandarin']"
Tutor Baby Class,Senior,Sekolah Citra Kasih,Bandung,West Java,Indonesia,"['Ambitious', 'Team Work', 'English']"
Chemistry Teacher,Entry Level,EF English First Batam,Palembang,South Sumatra,Indonesia,['Tutoring']
ICT Teacher,Entry Level,Yayasan Elfa Sunna,Surabaya,East Java,Indonesia,"['Mandarin', 'Training Plans', 'Curriculum Development']"
Elementary Teacher,Intermediate,Educourse.id,Makassar,South Sulawesi,Indonesia,['Lesson Planning']
Psychology Lecturer,Intermediate,The Gandhi Memorial Intercontinental School,Denpasar,Dangin Puri,Indonesia,"['Lesson Planning', 'Communication', 'Tutoring', 'Problem Solving']"
Mathematics Mentor,Senior,"The Ritz-Carlton Hotel Company, L.L.C.",Sangereng,Panunggangan Barat,Indonesia,"['Lesson Planning', 'English', 'Willing to Learn', 'Curriculum Development']"
Elementary IT Teacher,Senior,LightHouse Academy,Bekasi,West Java,Indonesia,['Communication']
Digital Marketing Tutor,Intermediate,St. Johannes Berchmans,Tangerang,Banten,Indonesia,"['English', 'Team Work']"
Digital Business Lecturer,Entry Level,Helpmate course,Surabaya,East Java,Indonesia,"['E-Learning', 'Adaptable']"
Robotics Teacher/Tutor,Entry Level,Yayasan Citra Berkat,Semarang,Central Java,Indonesia,"['Team Work', 'Adaptable', 'Tutoring', 'Communication']"
Robotics Teacher/Tutor,Senior,Newton Education Group,Makassar,South Sulawesi,Indonesia,"['English', 'Mandarin', 'Exploration']"
Mathematics Tutor,Senior,Kodingbean,Tangerang,Banten,Indonesia,"['Mandarin', 'Assisting']"
Business Studies & Accounting Teacher,Intermediate,Kodingbean,Bogor,West Java,Indonesia,['Teaching']
Data Science Tutor,Senior,One Third Consulting and Abroad,Semarang,Central Java,Indonesia,"['Zoom', 'Training Plans', 'Ambitious']"
Elementary IT Teacher,Senior,Royal Prime Montessori Elementary and Junior School,Depok,Bogor,Indonesia,['Training Plans']
Islamic Religion Teacher,Intermediate,Oxbridge International School,Surabaya,East Java,Indonesia,"['Lesson Planning', 'Coaching', 'E-Learning', 'Tutoring']"
International English Teacher,Intermediate,PT. Infinite Potensi,Semarang,Central Java,Indonesia,"['Problem Solving', 'Communication', 'Teaching']"
Pharmacy Lecturer,Senior,Newton Education Group,Cilacap,Central Java,Indonesia,['Team Work']
Social Teacher,Entry Level,Guru.mu,Bekasi,West Java,Indonesia,['Training Plans']
Freelance Business English Tutor [Native Speaker],Intermediate,LightHouse Academy,Bandar Lampung,Lampung,Indonesia,"['Teaching', 'Mentoring', 'Willing to Learn', 'Curriculum Development']"
Teacher Assistant,Intermediate,Sekolah Pelita Bangsa,Depok,Bogor,Indonesia,"['Zoom', 'Problem Solving']"
Research Assistant - Chinese Speaker,Entry Level,Kodland,Bandung,West Java,Indonesia,"['Assisting', 'Curriculum Development', 'Zoom', 'English']"
Korean Teacher,Intermediate,Cakap,Jepara,Central Java,Indonesia,"['Team Work', 'Lesson Planning', 'Curriculum Development', 'Ambitious']"
Master Teacher Social Studies,Entry Level,Morphoo School,Palembang,South Sumatra,Indonesia,"['Mentoring', 'Zoom', 'Exploration', 'English']"
Digital Marketing Tutor,Senior,CIE Central International Education,Sumedang,West Java,Indonesia,"['Ambitious', 'Assisting', 'Lesson Planning', 'E-Learning']"
Mathematics Mentor,Entry Level,LingoTalk,Palembang,South Sumatra,Indonesia,['Exploration']
Preschool/Kindergarten Teacher,Intermediate,Digital Skola,Depok,Bogor,Indonesia,"['Ambitious', 'Mentoring']"
Primary English Teacher,Entry Level,SPK My Little Island School,Malang,Kota Malang,Indonesia,['Team Work']
Chemistry Teacher,Senior,Lister Education Pte Ltd,Jakarta,Java,Indonesia,"['Teaching', 'Problem Solving', 'Tutoring', 'Assisting']"
Sociology Teacher,Senior,Educourse.id,Bekasi,West Java,Indonesia,"['Assisting', 'Mandarin', 'Curriculum Development', 'Teaching']"
Economics Teacher,Entry Level,Sekolah Citra Kasih,Sangereng,Panunggangan Barat,Indonesia,"['Assisting', 'Exploration', 'Communication', 'Mentoring']"
3D Tutor for CG Fundamentals,Entry Level,Tsurayya Indonesia,Bandung,West Java,Indonesia,['Willing to Learn']
Teacher,Entry Level,Guru.mu,Sumedang,West Java,Indonesia,['English']
Machine Learning Mentor,Senior,E-cube,Bandung,West Java,Indonesia,"['Coaching', 'Team Work', 'Disciplinaries', 'Willing to Learn']"
Islamic Religion Teacher,Intermediate,Newton Education Group,Palembang,South Sumatra,Indonesia,"['Tutoring', 'Coaching', 'Team Work', 'Lesson Planning']"
Coding Teacher,Senior,Kodingbean,Bekasi,West Java,Indonesia,['Problem Solving']
TIK / Computer Teacher,Intermediate,E-cube,Sumedang,West Java,Indonesia,['Communication']
Business Studies & Accounting Teacher,Senior,PT Trakindo Utama,Denpasar,Dangin Puri,Indonesia,"['Mandarin', 'Training Plans']"
Sociology Teacher,Entry Level,Digital Skola,Semarang,Central Java,Indonesia,['Communication']
Chemistry Teacher,Entry Level,Digital Skola,Palembang,South Sumatra,Indonesia,"['Ambitious', 'Mandarin', 'Tutoring']"
IT Teacher For Kids,Senior,The Gandhi Memorial Intercontinental School,Cilacap,Central Java,Indonesia,"['Mandarin', 'Ambitious', 'Communication']"
Science Teacher,Entry Level,Marriott,Palembang,South Sumatra,Indonesia,"['Coaching', 'Mandarin', 'Training Plans', 'Zoom']"
English Teacher for Kids,Entry Level,Kobi Education,Makassar,South Sulawesi,Indonesia,['Curriculum Development']
Korean Teacher,Senior,Concentrix,Tangerang,Banten,Indonesia,"['Training Plans', 'Curriculum Development', 'Coaching']"
Tutor IELTS (Part-time),Intermediate,Kodingbean,Surabaya,East Java,Indonesia,"['Training Plans', 'Ambitious', 'Coaching', 'Team Work']"
school counselor,Entry Level,PT. Infinite Potensi,Sangereng,Panunggangan Barat,Indonesia,"['Curriculum Development', 'Tutoring', 'Mandarin']"
Economics Teacher,Senior,Rakids Learning Center,Bogor,West Java,Indonesia,"['Tutoring', 'Communication', 'Exploration', 'Lesson Planning']"
Science Teacher,Entry Level,PT. Infinite Potensi,Makassar,South Sulawesi,Indonesia,"['Curriculum Development', 'Mentoring', 'Tutoring']"
Biology Tutor,Entry Level,EF English First Batam,Sangereng,Panunggangan Barat,Indonesia,"['Zoom', 'Team Work', 'Lesson Planning', 'Communication']"
Private Tutor,Senior,Lister Education Pte Ltd,Jakarta,Java,Indonesia,"['Ambitious', 'Communication']"
Islamic Religion Teacher,Intermediate,PT. Infinite Potensi,Jepara,Central Java,Indonesia,"['Teaching', 'Adaptable']"
Digital Business Lecturer,Entry Level,Widya Edutech,Semarang,Central Java,Indonesia,"['Problem Solving', 'Communication']"
Art Teacher,Entry Level,Concentrix,Malang,Kota Malang,Indonesia,"['Mentoring', 'Coaching']"
Elementary Teacher,Intermediate,Oxbridge International School,Denpasar,Dangin Puri,Indonesia,"['Tutoring', 'Zoom']"
Japanese and Mandarin Tutor,Intermediate,EF English First Batam,Malang,Kota Malang,Indonesia,"['Exploration', 'Zoom', 'Assisting']"
Master Teacher Social Studies,Intermediate,Rakids Learning Center,Palembang,South Sumatra,Indonesia,['Lesson Planning']
IT Teacher For Kids,Intermediate,Newton Education Group,Denpasar,Dangin Puri,Indonesia,['English']
Programming Lecturer,Entry Level,Practicum USA,Sangereng,Panunggangan Barat,Indonesia,"['Adaptable', 'Coaching', 'Curriculum Development', 'Zoom']"
Master Teacher Social Studies,Senior,Guardian Jobs,Bandar Lampung,Lampung,Indonesia,['Tutoring']
Teacher,Entry Level,Sekolah Pelita Bangsa,Palembang,South Sumatra,Indonesia,"['Ambitious', 'English', 'Teaching']"
"Scratch Tutor (Coding, Remote, Indonesia)",Entry Level,Royal Prime Montessori Elementary and Junior School,Bandar Lampung,Lampung,Indonesia,['Problem Solving']
Elementary IT Teacher,Senior,Tsurayya Indonesia,Cilacap,Central Java,Indonesia,['Exploration']
Business Studies & Accounting Teacher,Intermediate,St. Johannes Berchmans,Palembang,South Sumatra,Indonesia,['Disciplinaries']
French tutor,Senior,PT. Infinite Potensi,Denpasar,Dangin Puri,Indonesia,"['Tutoring', 'Lesson Planning']"
Religion Teacher (Buddhist),Senior,Tsurayya Indonesia,Semarang,Central Java,Indonesia,"['Zoom', 'Mandarin', 'English', 'Communication']"
International English Teacher,Intermediate,Lister Education Pte Ltd,Tangerang,Banten,Indonesia,"['Tutoring', 'English', 'Coaching']"
Vocal Teacher,Senior,Kobi Education,Tangerang,Banten,Indonesia,"['Ambitious', 'Coaching']"
Tutor / Training ( Client Manager),Intermediate,Cakap,Palembang,South Sumatra,Indonesia,"['Mentoring', 'Team Work', 'Willing to Learn']"
Digital Marketing Tutor,Senior,SPK My Little Island School,Depok,Bogor,Indonesia,['English']
International School Private Teacher,Entry Level,Digital Skola,Makassar,South Sulawesi,Indonesia,"['English', 'Zoom', 'Lesson Planning', 'Tutoring']"
Teacher Assistant,Intermediate,Kodingbean,Denpasar,Dangin Puri,Indonesia,"['Willing to Learn', 'Mandarin', 'Adaptable', 'Exploration']"
Physical Exercise Teacher,Entry Level,Brain Academy Center,Jakarta,Java,Indonesia,"['Exploration', 'Problem Solving']"
English Teacher for Kids,Entry Level,PT. Infinite Potensi,Jepara,Central Java,Indonesia,"['Adaptable', 'Exploration', 'E-Learning', 'Training Plans']"
Education Counselor,Intermediate,Tsurayya Indonesia,Denpasar,Dangin Puri,Indonesia,"['Zoom', 'Teaching']"
TIK / Computer Teacher,Entry Level,LingoTalk,Malang,Kota Malang,Indonesia,"['Mandarin', 'Problem Solving']"
Physical Education Teacher,Intermediate,E-cube,Cilacap,Central Java,Indonesia,"['Teaching', 'Mandarin', 'Ambitious', 'Communication']"
Primary Teacher,Senior,Lister Education Pte Ltd,Sangereng,Panunggangan Barat,Indonesia,"['Mentoring', 'E-Learning']"
Mathematics Mentor,Intermediate,Brain Academy Center,Cilacap,Central Java,Indonesia,"['Mentoring', 'Willing to Learn']"
Christian Religion Teacher,Entry Level,LightHouse Academy,Makassar,South Sulawesi,Indonesia,['Tutoring']
Music and Vocal Teacher,Intermediate,CT ARSA FOUNDATION,Palembang,South Sumatra,Indonesia,['Mandarin']
IT Teacher For Kids,Intermediate,Sekolah Citra Kasih,Bogor,West Java,Indonesia,['Communication']
Programming Lecturer,Intermediate,St. Johannes Berchmans,Palembang,South Sumatra,Indonesia,"['Disciplinaries', 'Problem Solving']"
Japanese and Mandarin Tutor,Intermediate,Pt Inspirasi Mandiri Nusantara,Jakarta,Java,Indonesia,"['Coaching', 'Problem Solving', 'Team Work', 'Mentoring']"
Chemistry Teacher,Senior,BSI,Sangereng,Panunggangan Barat,Indonesia,['Training Plans']
Social Teacher,Entry Level,Cakap,Sangereng,Panunggangan Barat,Indonesia,"['Adaptable', 'Assisting', 'Coaching']"
Psychology Lecturer,Entry Level,Kobi Education,Bekasi,West Java,Indonesia,"['Problem Solving', 'Ambitious', 'Teaching', 'Mentoring']"
Primary Teacher,Senior,CIE Central International Education,Denpasar,Dangin Puri,Indonesia,['Curriculum Development']
Tutor / Training ( Client Manager),Entry Level,Kodingbean,Cilacap,Central Java,Indonesia,"['Mandarin', 'Lesson Planning', 'Willing to Learn']"
English Tutor,Intermediate,Schoters,Jakarta,Java,Indonesia,['Curriculum Development']
Master Teacher Social Studies,Senior,Lister Education Pte Ltd,Denpasar,Dangin Puri,Indonesia,"['Willing to Learn', 'Exploration']"
Christian Religion Teacher,Senior,PT. Koding Next Indonesia,Malang,Kota Malang,Indonesia,"['E-Learning', 'Ambitious']"
Islamic Religion Teacher,Intermediate,PT. Infinite Potensi,Malang,Kota Malang,Indonesia,"['Exploration', 'Training Plans']"
Pharmacy Lecturer,Senior,Sekolah Citra Kasih,Cilacap,Central Java,Indonesia,"['Lesson Planning', 'Communication', 'Training Plans', 'Team Work']"
Sociology Teacher,Intermediate,Sekolah Pelita Bangsa,Depok,Bogor,Indonesia,"['Disciplinaries', 'Curriculum Development', 'Lesson Planning']"
Teacher Assistant,Intermediate,Kodland,Denpasar,Dangin Puri,Indonesia,"['Coaching', 'Curriculum Development', 'Zoom', 'Willing to Learn']"
French tutor,Intermediate,EF English First Batam,Palembang,South Sumatra,Indonesia,"['Training Plans', 'Problem Solving', 'Disciplinaries']"
Physical Exercise Teacher,Entry Level,Yayasan Citra Berkat,Jakarta,Java,Indonesia,"['Problem Solving', 'Coaching', 'Adaptable', 'Teaching']"
International English Teacher,Intermediate,SPK My Little Island School,Medan,North Sumatra,Indonesia,"['Team Work', 'Training Plans']"
Psychology Lecturer,Entry Level,Oxbridge International School,Makassar,South Sulawesi,Indonesia,['Mentoring']
Private Tutor,Entry Level,Sekolah Citra Kasih,Malang,Kota Malang,Indonesia,['E-Learning']
Mathematics Tutor,Senior,Morphoo School,Palembang,South Sumatra,Indonesia,"['Adaptable', 'E-Learning', 'Lesson Planning', 'Disciplinaries']"
Vocal Teacher,Entry Level,The Champion School,Denpasar,Dangin Puri,Indonesia,"['Assisting', 'Team Work', 'Zoom']"
Assistant Teacher,Intermediate,EF English First Batam,Denpasar,Dangin Puri,Indonesia,"['E-Learning', 'Team Work']"
Elementary Teacher,Senior,EF English First Batam,Bogor,West Java,Indonesia,['Team Work']
Art Teacher,Intermediate,Morphoo School,Palembang,South Sumatra,Indonesia,"['Curriculum Development', 'Problem Solving', 'Exploration', 'Coaching']"
IT Teacher For Kids,Senior,One Third Consulting and Abroad,Sumedang,West Java,Indonesia,['Training Plans']
Python Tutor,Entry Level,BSI,Denpasar,Dangin Puri,Indonesia,['Problem Solving']
Part Time Tutor,Entry Level,Sekolah Citra Kasih,Sangereng,Panunggangan Barat,Indonesia,"['Willing to Learn', 'Team Work']"
History Teacher,Senior,Royal Prime Montessori Elementary and Junior School,Tangerang,Banten,Indonesia,['Problem Solving']
Freelance Business English Tutor [Native Speaker],Entry Level,Tsurayya Indonesia,Palembang,South Sumatra,Indonesia,"['Training Plans', 'Ambitious', 'Mentoring']"
Master Teacher Social Studies,Senior,Marriott,Malang,Kota Malang,Indonesia,"['Adaptable', 'Training Plans', 'Team Work', 'Mandarin']"
Private Tutor,Senior,BrightCHAMPS,Tangerang,Banten,Indonesia,['Zoom']
Chemistry Teacher,Intermediate,Rakids Learning Center,Depok,Bogor,Indonesia,['Mandarin']
Digital Marketing Tutor,Entry Level,SMARTZ.ID,Depok,Bogor,Indonesia,"['Teaching', 'Adaptable', 'Mandarin', 'Coaching']"
Economics Teacher,Senior,LightHouse Academy,Cilacap,Central Java,Indonesia,['Adaptable']
Preschool/Kindergarten Teacher,Entry Level,The Champion School,Palembang,South Sumatra,Indonesia,"['Problem Solving', 'Training Plans', 'Assisting']"
Python Tutor,Entry Level,Educourse.id,Makassar,South Sulawesi,Indonesia,"['Ambitious', 'Exploration', 'Disciplinaries', 'Assisting']"
homeschooling teacher,Entry Level,Digital Skola,Bandar Lampung,Lampung,Indonesia,"['Coaching', 'Curriculum Development']"
Data Science Tutor,Senior,Guru.mu,Malang,Kota Malang,Indonesia,"['E-Learning', 'Tutoring']"
Python Tutor,Senior,E-cube,Palembang,South Sumatra,Indonesia,['Team Work']
Biology Tutor,Senior,Oxbridge International School,Malang,Kota Malang,Indonesia,['Willing to Learn']
Digital Marketing Tutor,Senior,PT Trakindo Utama,Semarang,Central Java,Indonesia,"['Problem Solving', 'Willing to Learn', 'Lesson Planning']"
Freelance Japanese Tutor,Intermediate,Sekolah Pelita Bangsa,Jakarta,Java,Indonesia,"['Training Plans', 'Lesson Planning']"
Online Tutor: Roblox (Remote),Intermediate,One Third Consulting and Abroad,Tangerang,Banten,Indonesia,"['Adaptable', 'Disciplinaries', 'Mandarin']"
school counselor,Entry Level,The Gandhi Memorial Intercontinental School,Bogor,West Java,Indonesia,"['Exploration', 'Curriculum Development']"
Instructor Trainee,Entry Level,Kobi Education,Bandar Lampung,Lampung,Indonesia,"['Tutoring', 'Mandarin']"
Student Support Teacher,Intermediate,CIE Central International Education,Jepara,Central Java,Indonesia,"['Communication', 'Problem Solving']"
Assistant Teacher,Intermediate,The Gandhi Memorial Intercontinental School,Bogor,West Java,Indonesia,"['Tutoring', 'Mandarin', 'Teaching', 'Communication']"
TIK / Computer Teacher,Senior,LingoTalk,Tangerang,Banten,Indonesia,"['Teaching', 'Assisting', 'Problem Solving']"
Master Teacher Mathematics,Senior,EF English First Batam,Medan,North Sumatra,Indonesia,"['Mentoring', 'Mandarin']"
Private Tutor,Intermediate,Widya Edutech,Tangerang,Banten,Indonesia,['Adaptable']
Master Teacher Social Studies,Entry Level,Pt Inspirasi Mandiri Nusantara,Cilacap,Central Java,Indonesia,"['Coaching', 'Mandarin', 'Lesson Planning', 'Tutoring']"
Psychology Lecturer,Intermediate,Widya Edutech,Sangereng,Panunggangan Barat,Indonesia,"['Team Work', 'E-Learning']"
Islamic Religion Teacher,Entry Level,Schoters,Bandar Lampung,Lampung,Indonesia,"['Ambitious', 'Problem Solving', 'Disciplinaries', 'Coaching']"
Tutor / Training ( Client Manager),Entry Level,PT. Infinite Potensi,Jepara,Central Java,Indonesia,['Exploration']
Homeroom Teacher,Senior,Sekolah Citra Kasih,Bekasi,West Java,Indonesia,"['Tutoring', 'Teaching']"
3D Tutor for CG Fundamentals,Senior,Kobi Education,Denpasar,Dangin Puri,Indonesia,"['Tutoring', 'Mentoring', 'Disciplinaries', 'Lesson Planning']"
Biology Tutor,Intermediate,PT Trakindo Utama,Tangerang,Banten,Indonesia,['Coaching']
Instructor Trainee,Intermediate,Schoters,Depok,Bogor,Indonesia,"['Coaching', 'Zoom']"
Education Counselor,Senior,Global Jaya International School,Malang,Kota Malang,Indonesia,"['Adaptable', 'Assisting', 'Communication']"
Music and Vocal Teacher,Entry Level,Global Jaya International School,Makassar,South Sulawesi,Indonesia,"['Communication', 'Tutoring']"
Physical Education Teacher,Intermediate,Sekolah Pelita Bangsa,Palembang,South Sumatra,Indonesia,"['Tutoring', 'Assisting', 'Team Work', 'Lesson Planning']"
Digital Business Lecturer,Entry Level,Educourse.id,Makassar,South Sulawesi,Indonesia,"['Team Work', 'Disciplinaries', 'Tutoring']"
French tutor,Intermediate,Royal Prime Montessori Elementary and Junior School,Palembang,South Sumatra,Indonesia,['Mandarin']
Master Teacher Mathematics,Intermediate,Kodingbean,Tangerang,Banten,Indonesia,"['Coaching', 'Training Plans', 'Assisting', 'English']"
Korean Teacher,Intermediate,Oxbridge International School,Tangerang,Banten,Indonesia,['Disciplinaries']
Training,Entry Level,Ruangguru,Malang,Kota Malang,Indonesia,"['Mentoring', 'English']"
Education Counselor,Entry Level,Helpmate course,Bandung,West Java,Indonesia,"['Mandarin', 'Zoom', 'E-Learning', 'Teaching']"
Chemistry Teacher,Intermediate,PT Trakindo Utama,Bandar Lampung,Lampung,Indonesia,"['Coaching', 'Team Work', 'Problem Solving']"
IT Teacher For Kids,Entry Level,Guardian Jobs,Palembang,South Sumatra,Indonesia,"['English', 'Exploration', 'Problem Solving', 'Communication']"
Doctor Professional Education Lecturer,Intermediate,Newton Education Group,Bekasi,West Java,Indonesia,"['English', 'Team Work', 'Teaching', 'Disciplinaries']"
IT Teacher For Kids,Entry Level,Royal Prime Montessori Elementary and Junior School,Tangerang,Banten,Indonesia,"['Tutoring', 'Problem Solving']"
Japanese and Mandarin Tutor,Intermediate,Lingua Course,Jakarta,Java,Indonesia,"['Training Plans', 'Mandarin', 'Curriculum Development', 'Team Work']"
Online Tutor: Roblox (Remote),Senior,Digital Skola,Jepara,Central Java,Indonesia,['Teaching']
Vocal Teacher,Entry Level,The Gandhi Memorial Intercontinental School,Jakarta,Java,Indonesia,"['English', 'Problem Solving', 'Mentoring', 'Adaptable']"
Biology Tutor,Entry Level,BSI,Surabaya,East Java,Indonesia,"['Assisting', 'Curriculum Development']"
International English Teacher,Senior,The Gandhi Memorial Intercontinental School,Malang,Kota Malang,Indonesia,"['Disciplinaries', 'E-Learning']"
Chemistry Teacher,Senior,LancarBahasa.ID,Semarang,Central Java,Indonesia,"['Disciplinaries', 'Coaching']"
3D Tutor for CG Fundamentals,Entry Level,Newton Education Group,Bandar Lampung,Lampung,Indonesia,"['Tutoring', 'Exploration', 'Teaching', 'Zoom']"
Elementary IT Teacher,Entry Level,E-cube,Medan,North Sumatra,Indonesia,"['Lesson Planning', 'Curriculum Development']"
Online Tutor: Roblox (Remote),Intermediate,Kobi Education,Makassar,South Sulawesi,Indonesia,"['Exploration', 'Coaching', 'Willing to Learn', 'Training Plans']"
Data Science Tutor,Senior,Ruangguru,Palembang,South Sumatra,Indonesia,"['Coaching', 'Adaptable']"
Tutor Baby Class,Intermediate,Kobi Education,Palembang,South Sumatra,Indonesia,"['English', 'Coaching', 'Willing to Learn', 'Team Work']"
Homeroom Teacher,Senior,St. Johannes Berchmans,Jepara,Central Java,Indonesia,['Exploration']
Teacher,Entry Level,The Gandhi Memorial Intercontinental School,Bekasi,West Java,Indonesia,"['Coaching', 'Exploration', 'Willing to Learn', 'Communication']"
Sociology Teacher,Intermediate,BrightCHAMPS,Sumedang,West Java,Indonesia,"['Disciplinaries', 'Teaching', 'Coaching']"
Instructor Trainee,Senior,BSI,Jakarta,Java,Indonesia,"['Mentoring', 'Coaching', 'Team Work', 'Curriculum Development']"
Visual Arts Teacher,Entry Level,Guardian Jobs,Makassar,South Sulawesi,Indonesia,['Tutoring']
Tutor / Training ( Client Manager),Intermediate,One Third Consulting and Abroad,Denpasar,Dangin Puri,Indonesia,"['Mentoring', 'English', 'Team Work', 'Coaching']"
Robotics Teacher/Tutor,Entry Level,Global Jaya International School,Malang,Kota Malang,Indonesia,['Mentoring']
Art Teacher,Senior,Pt Inspirasi Mandiri Nusantara,Cilacap,Central Java,Indonesia,['Ambitious']
Research Assistant - Chinese Speaker,Senior,Guardian Jobs,Medan,North Sumatra,Indonesia,"['Mandarin', 'Assisting', 'Adaptable']"
Python Tutor,Intermediate,SPK My Little Island School,Denpasar,Dangin Puri,Indonesia,"['English', 'Willing to Learn', 'Disciplinaries']"
Social Teacher,Senior,Lingua Course,Medan,North Sumatra,Indonesia,"['Adaptable', 'Mentoring', 'Lesson Planning', 'English']"
Vocal Teacher,Entry Level,Concentrix,Denpasar,Dangin Puri,Indonesia,"['Adaptable', 'Assisting', 'Exploration', 'Ambitious']"
Chemistry Teacher,Senior,Global Jaya International School,Semarang,Central Java,Indonesia,"['Coaching', 'Mentoring', 'Training Plans', 'Exploration']"
Social Teacher,Senior,Guru.mu,Medan,North Sumatra,Indonesia,"['Ambitious', 'Tutoring', 'English']"
International English Teacher,Entry Level,Sekolah Citra Kasih,Malang,Kota Malang,Indonesia,"['Mandarin', 'Problem Solving', 'Assisting', 'Communication']"
Pharmacy Lecturer,Senior,Tsurayya Indonesia,Palembang,South Sumatra,Indonesia,"['Lesson Planning', 'Adaptable', 'Tutoring']"
Digital Marketing Tutor,Intermediate,Practicum USA,Palembang,South Sumatra,Indonesia,['Mandarin']
Physical Education Teacher,Intermediate,SPK My Little Island School,Sumedang,West Java,Indonesia,"['Zoom', 'Mentoring', 'Ambitious']"
Social Teacher,Senior,The Champion School,Medan,North Sumatra,Indonesia,"['Problem Solving', 'Willing to Learn', 'Ambitious']"
Psychology Lecturer,Senior,E-cube,Tangerang,Banten,Indonesia,"['Disciplinaries', 'Adaptable', 'Zoom', 'Lesson Planning']"
Social Teacher,Entry Level,LingoTalk,Tangerang,Banten,Indonesia,"['Tutoring', 'Disciplinaries', 'Problem Solving', 'Training Plans']"
Primary English Teacher,Entry Level,Lingua Course,Medan,North Sumatra,Indonesia,['Teaching']
